﻿pos_x,pos_y,rotation,side,designator,mpn,pack,value,mount_type,place
151.81,-107.62,0.0,bottom,BT1,,BatteryHolder_Keystone_3002_1x2032,Battery_Cell,smt,True
174.96,-89.715,-90.0,top,D1,,LED_D3.0mm_IRBlack,Breathing 3mm LED,tht,True
171.545,-67.44,180.0,top,D2,,LED_D3.0mm_IRBlack,Fast Blink 3mm LED,tht,True
168.08,-60.5,-90.0,top,D3,,LED_D3.0mm_IRBlack,Fast Blink 3mm LED,tht,True
160.635,-67.26,180.0,top,D4,,LED_D3.0mm_IRBlack,Fast Blink 3mm LED,tht,True
156.04,-144.54,180.0,bottom,R1,,R_Axial_DIN0204_L3.6mm_D1.6mm_P7.62mm_Horizontal,56 Ohm,tht,True
124.226395,-65.067974,115.0,top,SAO,,PinSocket_2x03_P2.54mm_Vertical,Conn_02x03_Top_Bottom,tht,True
127.517499,-90.07,-90.0,bottom,SW1,,SOIC6_SW6_MST22D18G2_SHN,MST22D18G2 125,smt,True
